{"cameraMode":{"drawMode":0,"name":"Shaded","section":"Shading Mode"},"sceneLighting":true,"audioPlay":false,"sceneViewState":{"m_AlwaysRefresh":false,"showFog":true,"showSkybox":true,"showFlares":true,"showImageEffects":true,"showParticleSystems":true,"showVisualEffectGraphs":true,"m_FxEnabled":true},"in2DMode":false,"pivot":{"x":12.804034233093262,"y":18.275787353515626,"z":-2.005554437637329},"rotation":{"x":0.38317379355430605,"y":-0.46330392360687258,"z":0.23158030211925507,"w":0.7650718688964844},"size":0.8139410018920898,"orthographic":false}