{"cameraMode":{"drawMode":0,"name":"Shaded","section":"Shading Mode"},"sceneLighting":true,"audioPlay":false,"sceneViewState":{"m_AlwaysRefresh":false,"showFog":true,"showSkybox":true,"showFlares":true,"showImageEffects":true,"showParticleSystems":true,"showVisualEffectGraphs":true,"m_FxEnabled":true},"in2DMode":false,"pivot":{"x":1.179726481437683,"y":1.5285307168960572,"z":-5.484460353851318},"rotation":{"x":0.008574695326387883,"y":-0.9923994541168213,"z":0.08408960700035095,"w":0.09229845553636551},"size":2.1794495582580568,"orthographic":false}