{"cameraMode":{"drawMode":0,"name":"Shaded","section":"Shading Mode"},"sceneLighting":true,"audioPlay":false,"sceneViewState":{"m_AlwaysRefresh":false,"showFog":true,"showSkybox":true,"showFlares":true,"showImageEffects":true,"showParticleSystems":true,"showVisualEffectGraphs":true,"m_FxEnabled":true},"in2DMode":false,"pivot":{"x":1.4751884937286378,"y":1.4545661211013795,"z":-5.048934459686279},"rotation":{"x":0.007400361821055412,"y":-0.9932677745819092,"z":0.06917255371809006,"w":0.09539645910263062},"size":2.1794495582580568,"orthographic":false}