{"cameraMode":{"drawMode":0,"name":"Shaded","section":"Shading Mode"},"sceneLighting":true,"audioPlay":false,"sceneViewState":{"m_AlwaysRefresh":false,"showFog":true,"showSkybox":true,"showFlares":true,"showImageEffects":true,"showParticleSystems":true,"showVisualEffectGraphs":true,"m_FxEnabled":true},"in2DMode":false,"pivot":{"x":-18.040096282958986,"y":-63.053592681884769,"z":-178.07908630371095},"rotation":{"x":0.010215828195214272,"y":-0.9821991324424744,"z":0.1814369112253189,"w":0.051377639174461368},"size":101.55048370361328,"orthographic":false}