{"cameraMode":{"drawMode":0,"name":"Shaded","section":"Shading Mode"},"sceneLighting":true,"audioPlay":false,"sceneViewState":{"m_AlwaysRefresh":false,"showFog":true,"showSkybox":true,"showFlares":true,"showImageEffects":true,"showParticleSystems":true,"showVisualEffectGraphs":true,"m_FxEnabled":true},"in2DMode":false,"pivot":{"x":13.308326721191407,"y":25.09697914123535,"z":-1.0953081846237183},"rotation":{"x":-0.39092108607292178,"y":0.38897785544395449,"z":-0.18652649223804475,"w":-0.813248872756958},"size":12.727922439575196,"orthographic":false}