{"cameraMode":{"drawMode":0,"name":"Shaded","section":"Shading Mode"},"sceneLighting":false,"audioPlay":false,"sceneViewState":{"m_AlwaysRefresh":false,"showFog":true,"showSkybox":false,"showFlares":true,"showImageEffects":true,"showParticleSystems":true,"showVisualEffectGraphs":true,"m_FxEnabled":true},"in2DMode":false,"pivot":{"x":-1.4230172634124756,"y":0.7976645231246948,"z":-0.3221859335899353},"rotation":{"x":-0.18792113661766053,"y":-0.6280076503753662,"z":0.15989241003990174,"w":-0.738070547580719},"size":0.40710699558258059,"orthographic":false}