{"cameraMode":{"drawMode":0,"name":"Shaded","section":"Shading Mode"},"sceneLighting":false,"audioPlay":false,"sceneViewState":{"m_AlwaysRefresh":false,"showFog":true,"showSkybox":false,"showFlares":true,"showImageEffects":true,"showParticleSystems":true,"showVisualEffectGraphs":true,"m_FxEnabled":true},"in2DMode":false,"pivot":{"x":-0.42586132884025576,"y":-0.9178106188774109,"z":0.9680938124656677},"rotation":{"x":-0.2242550402879715,"y":0.017837921157479287,"z":-0.004127265885472298,"w":-0.9743918180465698},"size":2.1213202476501467,"orthographic":false}