{"cameraMode":{"drawMode":0,"name":"Shaded","section":"Shading Mode"},"sceneLighting":false,"audioPlay":false,"sceneViewState":{"m_AlwaysRefresh":false,"showFog":true,"showSkybox":false,"showFlares":true,"showImageEffects":true,"showParticleSystems":true,"showVisualEffectGraphs":true,"m_FxEnabled":true},"in2DMode":false,"pivot":{"x":-0.37950557470321658,"y":1.5034664869308472,"z":-0.6128053665161133},"rotation":{"x":-0.00032743069459684193,"y":-0.9994581937789917,"z":0.03360315039753914,"w":-0.00902609433978796},"size":2.598076105117798,"orthographic":false}