{"cameraMode":{"drawMode":0,"name":"Shaded","section":"Shading Mode"},"sceneLighting":false,"audioPlay":false,"sceneViewState":{"m_AlwaysRefresh":false,"showFog":true,"showSkybox":false,"showFlares":true,"showImageEffects":true,"showParticleSystems":true,"showVisualEffectGraphs":true,"m_FxEnabled":true},"in2DMode":false,"pivot":{"x":1.2299785614013672,"y":2.1790997982025148,"z":0.755241334438324},"rotation":{"x":-0.015211410820484162,"y":0.882161021232605,"z":-0.028271600604057313,"w":-0.4700571894645691},"size":2.1213202476501467,"orthographic":false}